City_ID,City,Lat,Lng,Max Temp,Humidity,Cloudiness,Wind Speed,Country,Date
0,port-aux-francais,-49.35,70.2167,1.76,67,96,11.48,TF,1698625920
1,adamstown,-25.066,-130.1015,22.52,82,100,4.7,PN,1698625920
2,san antonio de pale,-1.4014,5.6325,26.33,83,55,3.78,GQ,1698625920
3,hamamatsu,34.7,137.7333,18.9,57,0,0.45,JP,1698625714
4,hammerfest,70.6634,23.6821,-1.75,80,75,1.54,NO,1698625921
5,lompoc,34.6391,-120.4579,23.16,43,0,4.02,US,1698625313
6,bethel,41.3712,-73.414,9.64,88,100,3.09,US,1698625753
7,likiep,9.8251,169.3107,28.14,81,100,8.79,MH,1698625921
8,port elizabeth,-33.918,25.5701,14.16,88,75,4.12,ZA,1698625922
9,fortuna,40.5982,-124.1573,17.51,48,0,3.09,US,1698625922
10,darwin,-12.4611,130.8418,31.08,66,86,2.52,AU,1698625626
11,ribeira grande,38.5167,-28.7,17.6,63,100,1.76,PT,1698625922
12,lebu,-37.6167,-73.65,7.95,63,25,2.6,CL,1698625923
13,isafjordur,66.0755,-23.124,1.02,80,17,1.46,IS,1698625923
14,wynyard,-41.0,145.7167,12.21,77,100,6.25,AU,1698625923
15,ridgecrest,35.6225,-117.6709,18.16,11,0,4.02,US,1698625637
16,namdrik,5.5994,168.1028,28.26,73,58,3.77,MH,1698625924
17,bamboo flat,11.7,92.7167,25.05,100,20,1.03,IN,1698625924
18,invercargill,-46.4,168.35,17.79,49,8,1.34,NZ,1698625787
19,iskateley,67.6803,53.1512,-8.88,86,100,5.81,RU,1698625924
20,puerto ayora,-0.7393,-90.3518,24.19,90,100,2.68,EC,1698625925
21,mogocha,53.7333,119.7667,-7.17,61,80,2.0,RU,1698625750
22,cabo san lucas,22.8909,-109.9124,28.12,68,0,5.14,MX,1698625754
23,longyearbyen,78.2186,15.6401,-5.09,86,40,4.12,SJ,1698625925
24,lethem,3.3803,-59.7968,29.78,45,55,2.62,GY,1698625926
25,bengkulu,-3.8004,102.2655,25.31,79,100,1.45,ID,1698625926
26,ushuaia,-54.8,-68.3,0.81,75,75,6.17,AR,1698625926
27,thompson,55.7435,-97.8558,-3.91,74,75,4.12,CA,1698625926
28,bilibino,68.0546,166.4372,-19.65,89,12,1.76,RU,1698625927
29,waitangi,-43.9535,-176.5597,11.14,77,5,3.73,NZ,1698625927
30,katabu,-4.9333,122.5167,31.61,48,99,1.72,ID,1698625927
31,saipan,15.1355,145.701,31.39,74,40,6.17,MP,1698625927
32,preobrazheniye,42.9019,133.9064,11.84,58,12,3.06,RU,1698625928
33,vizinga,61.0749,50.1031,-3.51,93,100,1.07,RU,1698625928
34,yellowknife,62.456,-114.3525,-5.88,96,20,2.06,CA,1698625928
35,edinburgh of the seven seas,-37.0676,-12.3116,10.85,66,26,12.11,SH,1698625929
36,keren,15.7778,38.4581,20.73,64,100,2.12,ER,1698625929
37,whitehorse,60.7161,-135.0538,-1.06,86,75,7.2,CA,1698625929
38,bredasdorp,-34.5322,20.0403,13.02,59,0,8.5,ZA,1698625930
39,mariental,-24.6333,17.9667,16.74,16,0,3.11,NA,1698625930
40,sisimiut,66.9395,-53.6735,-2.61,73,100,3.77,GL,1698625930
41,grytviken,-54.2811,-36.5092,4.56,99,100,3.18,GS,1698625930
42,tura,25.5198,90.2201,20.36,91,1,1.02,IN,1698625931
43,banjarmasin,-3.3244,114.591,25.08,52,5,1.87,ID,1698625931
44,chipata,-13.6333,32.65,23.07,44,87,3.19,ZM,1698625931
45,aasiaat,68.7098,-52.8699,-4.56,76,100,2.82,GL,1698625931
46,petropavlovsk-kamchatsky,53.0452,158.6483,3.03,59,75,3.0,RU,1698625932
47,tomatlan,19.9333,-105.25,25.32,90,8,2.26,MX,1698625932
48,mount isa,-20.7333,139.5,33.87,33,100,6.69,AU,1698625932
49,hadibu,12.65,54.0333,25.68,80,93,3.06,YE,1698625933
50,west island,-12.1568,96.8225,25.99,83,100,5.66,CC,1698625933
51,punta arenas,-53.15,-70.9167,5.06,60,20,8.23,CL,1698625882
52,hirara,24.8,125.2833,26.15,61,20,4.63,JP,1698625933
53,labytnangi,66.6572,66.4183,-14.84,98,93,1.69,RU,1698625934
54,severo-yeniseyskiy,60.3725,93.0408,-15.79,99,87,0.89,RU,1698625934
55,kaiapoi,-43.3783,172.6401,18.17,73,75,7.2,NZ,1698625934
56,papatowai,-46.5619,169.4708,14.79,54,7,5.12,NZ,1698625934
57,kristiansund,63.1115,7.732,0.36,80,4,2.06,NO,1698625935
58,veracruz,19.3333,-96.6667,21.5,93,73,0.13,MX,1698625861
59,stanley,54.868,-1.6985,7.62,93,75,2.06,GB,1698625935
60,college,64.8569,-147.8028,1.61,77,100,1.54,US,1698625935
61,turuntayevo,52.2,107.6167,-9.95,50,100,1.18,RU,1698625936
62,halifax,44.6453,-63.5724,6.95,71,100,0.89,CA,1698625367
63,jamestown,42.097,-79.2353,8.9,96,100,0.45,US,1698625682
64,tolanaro,-25.0319,46.9987,23.04,88,20,1.03,MG,1698625936
65,kuanda,56.3161,116.0806,-9.47,59,4,0.15,RU,1698625937
66,olonkinbyen,70.9221,-8.7187,0.33,69,100,1.61,SJ,1698625937
67,hamilton,39.1834,-84.5333,13.88,96,100,2.57,US,1698625906
68,castillos,-34.1667,-53.8333,15.87,93,49,1.21,UY,1698625938
69,stepnogorsk,52.3544,71.8869,4.23,100,100,3.34,KZ,1698625938
70,molchanovo,57.5817,83.7692,-9.88,84,5,1.97,RU,1698625938
71,tubarjal,30.4999,38.216,18.38,66,67,2.59,SA,1698625938
72,chernyshevskiy,63.0128,112.4714,-10.61,96,100,0.96,RU,1698625938
73,tobelo,1.7284,128.0095,29.66,62,14,0.84,ID,1698625939
74,vilyuchinsk,52.9306,158.4028,3.85,80,100,2.61,RU,1698625939
75,dundee,56.5,-2.9667,7.91,93,100,5.14,GB,1698625940
76,ilulissat,69.2167,-51.1,-4.99,86,100,2.06,GL,1698625940
77,dudinka,69.4058,86.1778,-19.66,99,67,0.69,RU,1698625940
78,san patricio,28.017,-97.5169,28.08,72,8,6.69,US,1698625941
79,ta`u,-14.2336,-169.5144,27.13,80,85,6.25,AS,1698625941
80,standerton,-26.9337,29.2415,4.78,84,100,4.96,ZA,1698625941
81,sharlyk,52.9167,54.75,1.58,93,100,9.05,RU,1698625941
82,puerto natales,-51.7236,-72.4875,1.74,84,97,2.48,CL,1698625942
83,iqaluit,63.7506,-68.5145,-8.15,73,100,5.14,CA,1698625942
84,yaren,-0.5472,166.916,28.41,69,6,2.22,NR,1698625942
85,nadi,-17.8,177.4167,30.0,62,20,7.2,FJ,1698625942
86,blackmans bay,-43.0167,147.3167,16.07,58,86,3.62,AU,1698625943
87,port mathurin,-19.6833,63.4167,24.05,83,40,2.06,MU,1698625943
88,kone,-21.0595,164.8658,26.13,41,0,4.18,NC,1698625943
89,puerto baquerizo moreno,-0.9,-89.6,23.27,79,100,5.1,EC,1698625944
90,chazuta,-6.5742,-76.1367,28.47,99,100,0.6,PE,1698625944
91,buala,-8.145,159.5921,29.76,70,98,2.57,SB,1698625944
92,olinda,-8.0089,-34.8553,26.85,69,75,6.69,BR,1698625944
93,guerrero negro,27.9769,-114.0611,23.34,46,0,6.36,MX,1698625944
94,merizo village,13.2658,144.6691,31.31,85,29,3.98,GU,1698625945
95,egersund,58.4513,5.9997,6.32,81,100,10.29,NO,1698625945
96,axim,4.8699,-2.2405,25.81,86,6,1.27,GH,1698625945
97,hermanus,-34.4187,19.2345,12.99,61,0,10.34,ZA,1698625945
98,tavda,58.0425,65.2726,-3.5,70,100,4.47,RU,1698625946
99,bonthe,7.5264,-12.505,25.95,85,44,2.39,SL,1698625946
100,saint-leu,-21.15,55.2833,23.48,94,3,1.02,RE,1698625946
101,haiku-pauwela,20.9219,-156.3051,29.01,60,20,7.2,US,1698625947
102,byron bay,-28.65,153.6167,24.28,52,0,4.82,AU,1698625947
103,partenit,44.578,34.3446,16.17,65,0,2.09,UA,1698625947
104,eyl,7.9803,49.8164,26.17,79,84,4.63,SO,1698625947
105,gebeit,21.0667,36.3167,23.31,82,0,2.74,SD,1698625947
106,bayanhongor,46.7167,100.1167,-2.62,92,58,0.54,MN,1698625948
107,al wasitah,29.3378,31.2056,23.06,81,0,4.56,EG,1698625948
108,humaita,-7.5061,-63.0208,31.98,33,100,0.89,BR,1698625948
109,avarua,-21.2078,-159.775,26.03,61,20,3.6,CK,1698625837
110,tual,-5.6667,132.75,27.66,77,85,4.6,ID,1698625949
111,kidal,18.4411,1.4078,27.38,11,1,4.17,ML,1698625949
112,margaret river,-33.95,115.0667,13.45,61,100,3.96,AU,1698625949
113,juan griego,11.0817,-63.9655,27.83,81,40,3.71,VE,1698625950
114,mpanda,-6.3655,31.0409,20.64,80,100,0.66,TZ,1698625950
115,vodnyy,63.5046,53.4095,-5.88,93,100,3.8,RU,1698625950
116,udachny,66.4167,112.4,-21.42,76,95,1.93,RU,1698625951
117,ostrov,57.3439,28.3537,-0.15,95,100,4.82,RU,1698625951
118,pinillos,8.9193,-74.4677,24.94,90,100,0.7,CO,1698625951
119,qaqortoq,60.7167,-46.0333,4.34,76,100,3.27,GL,1698625952
120,si sa ket,14.8333,104.3333,25.68,92,100,2.44,TH,1698625952
121,tralee,52.2704,-9.7026,8.66,94,98,2.01,IE,1698625952
122,uturoa,-16.7333,-151.4333,26.49,78,2,6.0,PF,1698625952
123,lihue,21.9789,-159.3672,27.77,71,75,4.63,US,1698625953
124,rybinsk,58.0446,38.8426,-2.04,82,82,3.58,RU,1698625953
125,mejit,10.2753,170.8646,28.05,81,100,9.55,MH,1698625953
126,salinopolis,-0.6136,-47.3561,27.26,78,98,6.27,BR,1698625953
127,faya-largeau,17.9257,19.1043,25.66,17,6,7.49,TD,1698625954
128,carnarvon,-24.8667,113.6333,21.46,62,0,10.11,AU,1698625954
129,berdigestyakh,62.0989,126.6992,-15.48,94,80,1.04,RU,1698625954
130,smithers,54.7804,-127.1743,0.18,64,75,1.03,CA,1698625954
131,vorgashor,67.5833,63.95,-18.26,98,33,2.21,RU,1698625955
132,nova sintra,14.8667,-24.7167,22.75,71,82,3.23,CV,1698625955
133,stepps,55.889,-4.1521,8.03,93,75,6.17,GB,1698625955
134,pariaman,-0.619,100.12,25.03,86,99,1.15,ID,1698625691
135,bridgewater,44.3835,-64.5155,7.82,73,100,4.63,CA,1698625956
136,pakhtakoron,40.1571,68.7466,18.45,36,54,1.41,TJ,1698625956
137,kodiak,57.79,-152.4072,8.73,93,100,3.6,US,1698625956
138,praia da vitoria,38.7333,-27.0667,13.75,94,20,2.39,PT,1698625956
139,hluti,-27.2167,31.6167,10.93,68,100,3.7,SZ,1698625957
140,sarupathar,26.1984,93.8094,20.95,92,23,0.38,IN,1698625957
141,mitu,1.1983,-70.1733,22.63,98,73,1.22,CO,1698625957
142,coquimbo,-29.9533,-71.3436,15.85,88,40,4.12,CL,1698625957
143,'ali al gharbi,32.4633,46.6864,24.89,26,91,2.37,IQ,1698625958
144,mollerussa,41.6333,0.9,14.65,86,75,0.89,ES,1698625958
145,mbabane,-26.3167,31.1333,5.99,84,100,2.39,SZ,1698625958
146,tazovsky,67.4667,78.7,-16.35,94,13,1.22,RU,1698625958
147,chhor,25.5167,69.7667,26.19,35,0,2.1,PK,1698625959
148,upata,8.0086,-62.3989,24.2,79,16,1.51,VE,1698625959
149,utrik,11.2278,169.8474,28.0,80,36,9.19,MH,1698625959
150,woolgoolga,-30.1106,153.2007,27.25,55,0,5.99,AU,1698625959
151,pandan,14.0453,124.1694,28.12,80,45,5.91,PH,1698625959
152,metlili chaamba,32.2667,3.6333,23.35,25,21,4.02,DZ,1698625960
153,yung shue wan,22.2333,114.1167,25.9,78,66,0.45,HK,1698625960
154,argo,37.6333,22.7333,19.44,71,0,1.47,GR,1698625960
155,st. john's,47.5649,-52.7093,5.44,70,75,11.32,CA,1698625728
156,kiama,-34.6833,150.8667,28.54,45,90,7.19,AU,1698625961
157,bardai,11.65,7.2333,23.95,22,61,3.16,NG,1698625961
158,wailua homesteads,22.0669,-159.378,27.44,72,75,4.63,US,1698625961
159,klyuchi,52.2667,79.1667,-0.24,94,100,2.97,RU,1698625962
160,jaguaribe,-5.8906,-38.6219,26.92,59,19,4.15,BR,1698625892
161,awjilah,29.1081,21.2869,21.21,45,0,2.94,LY,1698625962
162,ust-nera,64.5667,143.2,-12.89,93,100,0.57,RU,1698625962
163,thunder bay,48.4001,-89.3168,-1.01,51,100,5.66,CA,1698625815
164,lockwood,45.8191,-108.4149,-6.68,82,1,4.09,US,1698625846
165,atafu village,-8.5421,-172.5159,29.09,71,96,5.58,TK,1698625963
166,buka,40.8108,69.1986,17.38,40,15,2.25,UZ,1698625963
167,pyapon,16.2833,95.6833,25.62,89,100,2.23,MM,1698625963
168,lorengau,-2.0226,147.2712,25.57,89,100,3.31,PG,1698625964
169,obiaruku,5.8467,6.1526,23.2,95,100,1.22,NG,1698625964
170,hotan,37.0997,79.9269,12.95,21,2,1.91,CN,1698625964
171,cockburn town,21.4612,-71.1419,28.38,80,21,3.65,TC,1698625964
172,howard springs,-12.497,131.047,33.23,63,38,2.24,AU,1698625964
173,grand-lahou,5.1367,-5.0242,25.48,86,10,0.9,CI,1698625965
174,badger,64.8,-147.5333,1.56,88,40,1.54,US,1698625965
175,albany,42.6001,-73.9662,6.47,93,100,1.03,US,1698625780
176,port augusta,-32.5,137.7667,22.89,27,100,5.34,AU,1698625966
177,zagora,30.3484,-5.8365,22.31,32,100,4.65,MA,1698625966
178,banda aceh,5.5577,95.3222,26.68,78,100,2.47,ID,1698625966
179,kingston,17.997,-76.7936,28.53,84,20,5.14,JM,1698625804
180,constantia,44.1833,28.65,11.38,70,0,3.33,RO,1698625967
181,taishan,22.2514,112.7799,24.51,80,70,2.54,CN,1698625967
182,diamantino,-14.4086,-56.4461,26.05,72,97,1.76,BR,1698625967
183,lata,40.1629,-8.3327,17.12,88,90,1.65,PT,1698625967
184,port alfred,-33.5906,26.891,14.93,63,94,7.62,ZA,1698625968
185,parnera,20.55,72.95,22.64,44,33,2.62,IN,1698625968
186,benjamin constant,-4.3831,-70.0311,23.07,98,100,0.71,BR,1698625968
187,koulikoro,14.0,-7.75,27.2,47,90,2.94,ML,1698625968
188,laguna,38.421,-121.4238,23.99,16,0,3.6,US,1698625968
189,gorontalo,0.5412,123.0595,31.42,56,100,1.9,ID,1698625969
190,ciudad madero,22.2667,-97.8333,27.25,74,0,3.84,MX,1698625772
191,kindu,-2.95,25.95,22.3,88,100,0.8,CD,1698625969
192,erdenet,49.0333,104.0833,-4.94,90,100,2.13,MN,1698625969
193,hithadhoo,-0.6,73.0833,27.13,80,21,7.56,MV,1698625970
194,mahdia,35.5047,11.0622,23.97,82,100,7.39,TN,1698625970
195,miquelon,47.0975,-56.3814,6.0,58,84,13.86,PM,1698625970
196,walvis bay,-22.9575,14.5053,13.99,87,0,2.97,NA,1698625970
197,lao cai,22.4833,103.95,22.85,98,100,0.46,VN,1698625971
198,colonia,50.9333,6.95,12.87,80,0,6.17,DE,1698625833
199,pimentel,-6.8367,-79.9342,21.16,83,0,5.66,PE,1698625971
200,kivioli,59.3531,26.9711,0.51,94,100,3.77,EE,1698625971
201,port sudan,19.6175,37.2164,28.82,74,47,1.79,SD,1698625971
202,nabire,-3.3667,135.4833,27.45,80,60,0.22,ID,1698625972
203,egilsstadir,65.2653,-14.3948,-0.05,100,40,2.06,IS,1698625972
204,prince rupert,54.3161,-130.3201,6.83,75,0,2.06,CA,1698625972
205,ulladulla,-35.35,150.4667,30.98,30,100,4.02,AU,1698625972
206,cidreira,-30.1811,-50.2056,20.8,88,100,2.58,BR,1698625973
207,altamont,42.2068,-121.7372,11.91,29,0,0.0,US,1698625973
208,sola,-13.8833,167.55,28.37,84,75,2.06,VU,1698625973
209,arraial do cabo,-22.9661,-42.0278,23.55,93,100,2.48,BR,1698625851
210,alice springs,-23.7,133.8833,32.75,6,58,7.72,AU,1698625706
211,maues,-3.3836,-57.7186,30.24,46,67,1.43,BR,1698625906
212,hilo,19.7297,-155.09,28.86,78,40,3.6,US,1698625772
213,punta cana,18.5818,-68.4043,27.87,83,75,2.06,DO,1698625879
214,baruun-urt,46.6806,113.2792,-0.86,33,70,2.83,MN,1698625974
215,terenos,-20.4422,-54.8603,26.84,78,0,2.57,BR,1698625974
216,kirakira,-10.4544,161.9205,29.1,75,97,4.27,SB,1698625975
217,sungai penuh,-2.0833,101.3833,22.18,72,49,0.64,ID,1698625975
218,happy valley-goose bay,53.3168,-60.3315,-0.83,55,75,8.75,CA,1698625975
219,weno,7.4515,151.8468,28.16,78,96,5.08,FM,1698625975
220,zelenoborskiy,66.845,32.3622,-5.64,83,97,1.94,RU,1698625976
221,zhangatas,43.5667,69.75,16.01,49,97,5.5,KZ,1698625976
222,belmonte,-15.8631,-38.8828,24.19,74,23,4.57,BR,1698625976
223,oranjemund,-28.55,16.4333,20.21,21,0,5.41,NA,1698625976
224,ilheus,-14.7889,-39.0494,22.69,81,0,2.47,BR,1698625977
225,hawaiian paradise park,19.5933,-154.9731,27.73,73,40,3.6,US,1698625977
226,papao,-17.75,-149.55,26.82,81,16,8.2,PF,1698625977
227,al ghayzah,16.2079,52.176,24.92,75,29,2.18,YE,1698625977
228,ostersund,63.1792,14.6357,-2.75,93,100,2.06,SE,1698625977
229,acajutla,13.5928,-89.8275,26.11,84,100,5.27,SV,1698625978
230,aykhal,66.0,111.5,-24.59,99,90,1.52,RU,1698625978
231,mount gambier,-37.8333,140.7667,11.16,91,89,4.0,AU,1698625750
232,pacific grove,36.6177,-121.9166,24.82,61,0,2.06,US,1698625884
233,anadyr,64.75,177.4833,-1.72,92,40,8.0,RU,1698625979
234,shakiso,5.75,38.9167,13.76,98,64,1.03,ET,1698625979
235,north platte,41.1239,-100.7654,-1.06,70,75,5.66,US,1698625979
236,yatou,37.15,122.3833,20.78,62,1,6.39,CN,1698625979
237,talnakh,69.4865,88.3972,-19.89,93,32,1.93,RU,1698625980
238,enewetak,11.3474,162.3373,28.93,72,80,9.27,MH,1698625980
239,maintirano,-18.0667,44.0167,25.0,81,4,4.43,MG,1698625980
240,flying fish cove,-10.4217,105.6791,26.82,83,75,3.6,CX,1698625980
241,gadzhiyevo,69.2551,33.3362,-6.81,94,100,3.01,RU,1698625981
242,chinde,26.8418,88.0763,14.1,77,0,1.78,NP,1698625981
243,tiksi,71.6872,128.8694,-16.28,98,98,3.05,RU,1698625981
244,cromer,52.9312,1.2989,9.48,86,5,7.59,GB,1698625982
245,gorokhovets,56.1947,42.7003,-1.14,93,100,3.79,RU,1698625982
246,broome,42.2506,-75.833,9.7,90,100,3.6,US,1698625982
247,dampit,-8.2116,112.7493,28.55,50,50,2.59,ID,1698625983
248,nar'yan-mar,67.6713,53.087,-8.83,86,100,5.81,RU,1698625983
249,chonchi,-42.6128,-73.8092,5.07,97,100,3.5,CL,1698625901
250,thurso,58.5927,-3.5259,8.14,73,39,8.7,GB,1698625983
251,al hada,21.3675,40.2869,12.66,69,9,0.47,SA,1698625984
252,kourou,5.1552,-52.6478,28.03,84,77,5.17,GF,1698625984
253,kyaikkami,16.08,97.5675,26.15,87,100,3.42,MM,1698625984
254,chibougamau,49.9168,-74.3659,-1.21,69,100,1.03,CA,1698625984
255,nueva gerona,21.8833,-82.8,26.98,73,0,3.13,CU,1698625985
256,benxi,41.2886,123.765,13.18,82,100,1.2,CN,1698625985
257,guozhen,34.3659,107.359,18.67,58,2,1.3,CN,1698625985
258,vadso,70.0744,29.7487,-5.91,93,75,3.09,NO,1698625986
259,zavodskoy,43.4597,132.2922,10.77,66,75,1.0,RU,1698625986
260,elliot,-31.3333,27.85,1.26,82,38,3.11,ZA,1698625986
261,inarajan village,13.2736,144.7484,31.54,85,37,4.15,GU,1698625986
262,saint-philippe,-21.3585,55.7679,23.77,85,47,5.26,RE,1698625987
263,peterhead,57.5058,-1.7981,7.22,74,99,7.54,GB,1698625987
264,margate,51.3813,1.3862,12.39,85,60,2.24,GB,1698625702
265,villa angela,-27.5738,-60.7153,23.18,84,36,5.81,AR,1698625987
266,nikolayevsk-on-amure,53.1406,140.73,3.1,59,19,0.74,RU,1698625988
267,nyrob,60.733,56.7202,-5.06,67,100,3.7,RU,1698625988
268,christchurch,-43.5333,172.6333,18.08,72,75,7.2,NZ,1698625988
269,remire-montjoly,4.9167,-52.2667,28.02,83,0,2.06,GF,1698625988
270,port lincoln,-34.7333,135.8667,16.12,52,84,9.43,AU,1698625988
271,dalandzadgad,43.5708,104.425,8.78,40,78,9.84,MN,1698625989
272,andergrove,-21.0833,149.1833,28.69,50,0,4.69,AU,1698625989
273,polyarnyy,69.1989,33.4478,-6.41,93,100,2.96,RU,1698625989
274,prince george,53.9166,-122.753,1.46,55,0,2.57,CA,1698625822
275,chul'man,56.8479,124.9104,-10.26,92,100,3.55,RU,1698625990
276,afaahiti,-17.75,-149.2833,25.93,81,45,7.48,PF,1698625990
277,minas de marcona,-15.2119,-75.1103,15.27,85,58,5.62,PE,1698625990
278,fale old settlement,-9.3852,-171.2468,28.86,69,100,4.74,TK,1698625990
279,altay,47.8667,88.1167,3.41,98,100,0.82,CN,1698625991
280,crane,31.3974,-102.3501,3.12,78,100,9.01,US,1698625991
281,sinjar,36.3209,41.8754,22.01,38,100,0.98,IQ,1698625991
282,melilla,35.2937,-2.9383,18.21,94,0,0.0,ES,1698625991
283,pisco,-13.7,-76.2167,20.03,77,0,9.26,PE,1698625992
284,revda,56.801,59.9303,-4.24,95,100,4.12,RU,1698625992
285,gijang,35.2442,129.2139,13.85,60,6,1.14,KR,1698625992
286,chateau-renault,47.5919,0.9114,11.32,95,100,4.03,FR,1698625992
287,piacabucu,-10.4056,-36.4344,23.56,78,8,3.59,BR,1698625993
288,rabaul,-4.1967,152.1721,27.69,76,100,1.16,PG,1698625993
289,coahuayana de hidalgo,18.7,-103.6583,26.31,88,76,1.61,MX,1698625993
290,le port,-20.9373,55.2919,24.0,94,5,3.3,RE,1698625994
291,chichihualco,17.6833,-99.65,19.83,90,80,2.02,MX,1698625994
292,makurazaki,31.2667,130.3167,18.03,65,23,1.24,JP,1698625994
293,hanawa,40.1836,140.7872,7.58,70,0,0.89,JP,1698625994
294,sittwe,20.15,92.9,24.82,86,92,2.68,MM,1698625995
295,kattivakkam,13.2167,80.3167,26.05,91,100,3.9,IN,1698625995
296,las heras,-46.5419,-68.9359,5.18,54,100,3.01,AR,1698625995
297,tamanrasset,22.785,5.5228,20.95,18,40,1.54,DZ,1698625995
298,saint-mandrier-sur-mer,43.078,5.929,20.24,85,100,3.58,FR,1698625996
299,saldanha,-33.0117,17.9442,16.03,56,0,6.55,ZA,1698625996
300,tabuk,17.4189,121.4443,25.18,83,100,0.67,PH,1698625996
301,megion,61.0296,76.1136,-7.99,95,21,2.29,RU,1698625997
302,fuglafjordur,62.244,-6.814,4.26,70,100,8.94,FO,1698625997
303,abadan,30.3392,48.3043,20.97,56,0,0.0,IR,1698625997
304,asansol,23.6833,86.9833,21.35,71,0,1.83,IN,1698625997
305,dongola,19.1667,30.4833,27.67,28,0,5.6,SD,1698625998
306,solleftea,63.1667,17.2667,-2.08,93,82,1.06,SE,1698625998
307,sanctuary point,-35.1114,150.629,27.21,34,100,4.98,AU,1698625998
308,zaragoza,41.6561,-0.8773,18.25,55,75,2.57,ES,1698625754
309,salgueiro,-8.0742,-39.1192,28.25,39,41,7.93,BR,1698625719
310,sao joao da barra,-21.6403,-41.0511,25.05,86,92,8.33,BR,1698625999
311,vila franca do campo,37.7167,-25.4333,15.23,99,100,1.36,PT,1698626000
312,port saint john's,-31.6229,29.5448,14.37,63,95,2.25,ZA,1698626000
313,ratnagiri,16.9833,73.3,25.05,51,42,2.61,IN,1698626000
314,harper,4.375,-7.7169,25.51,88,0,2.59,LR,1698626000
315,siuna,13.7332,-84.7773,22.99,95,100,0.55,NI,1698626001
316,mikhaylov,54.2292,39.0186,-1.45,93,100,2.46,RU,1698626001
317,sinabang,2.4803,96.3801,26.3,82,98,1.11,ID,1698626001
318,manuguru,17.981,80.7547,20.51,85,0,0.37,IN,1698626002
319,shumikha,55.2261,63.2961,-0.28,98,100,4.22,RU,1698626002
320,saudarkrokur,65.7461,-19.6394,-0.75,80,17,3.55,IS,1698626002
321,bull savanna,17.8868,-77.5902,25.29,74,15,0.58,JM,1698626002
322,hami,42.8,93.45,10.69,39,23,1.88,CN,1698626003
323,al kharj,24.155,47.3346,23.32,34,100,2.17,SA,1698626003
324,georgetown,5.4112,100.3354,25.96,93,20,3.09,MY,1698625925
325,borodulikha,50.7184,80.9295,2.18,99,100,3.73,KZ,1698626003
326,ancud,-41.8697,-73.8203,7.19,82,100,10.2,CL,1698626004
327,lidzbark,53.2628,19.8266,13.03,73,100,7.83,PL,1698626004
328,fort mcmurray,56.7268,-111.381,-1.27,64,0,0.51,CA,1698625965
329,manay,7.215,126.5397,28.76,70,95,1.24,PH,1698626004
330,malabar,-33.9667,151.25,32.06,34,0,7.72,AU,1698626005
331,boende,-0.2167,20.8667,22.91,83,98,0.45,CD,1698626005
332,corinth,37.9407,22.9573,19.72,74,0,0.8,GR,1698626005
333,suva,-18.1416,178.4415,28.71,74,75,3.09,FJ,1698626005
334,lindsay,36.203,-119.0882,21.11,30,0,4.12,US,1698626005
335,kimbe,-5.5502,150.1429,29.24,76,76,0.69,PG,1698626006
336,laguna de perlas,12.3429,-83.6712,25.38,89,100,0.94,NI,1698626006
337,bela,25.9333,81.9833,20.43,55,30,0.83,IN,1698626006
338,kavieng,-2.5744,150.7967,24.9,93,100,6.27,PG,1698626006
339,pho chai,16.3283,103.7703,25.85,80,92,4.43,TH,1698626007
340,touros,-5.1989,-35.4608,25.24,75,14,6.32,BR,1698626007
341,nemuro,43.3236,145.575,10.13,68,9,3.67,JP,1698626007
342,guiratinga,-16.3494,-53.7583,27.55,55,24,1.15,BR,1698626007
343,saucillo,28.0167,-105.2833,24.97,17,0,2.17,MX,1698626008
344,dudingen,46.8492,7.1885,11.03,77,100,0.98,CH,1698626008
345,dingli,35.8614,14.3822,20.45,83,0,3.6,MT,1698626008
346,san pedro pochutla,15.7333,-96.4667,27.84,84,42,1.76,MX,1698625717
347,mezhdurechenskiy,59.6,65.9333,-7.03,82,100,4.96,RU,1698626009
348,mandalgovi,45.7625,106.2708,2.33,58,100,4.85,MN,1698626009
349,tofol,5.3248,163.0078,25.88,89,100,7.2,FM,1698626009
350,phongsali,21.6833,102.1058,15.57,98,92,0.58,LA,1698626009
351,tianpeng,30.9866,103.9393,19.24,79,100,0.89,CN,1698626010
352,sao vicente,-23.9631,-46.3919,27.37,59,100,3.13,BR,1698626010
353,iaciara,-14.0958,-46.6317,30.36,30,56,1.01,BR,1698625745
354,callao,-12.0667,-77.15,23.73,77,0,5.66,PE,1698626010
355,igarka,67.4667,86.5833,-17.2,97,45,0.97,RU,1698626011
356,brisas de zicatela,15.8369,-97.0419,29.29,58,40,2.57,MX,1698626011
357,dompu,-8.5356,118.4622,33.31,44,74,1.2,ID,1698626011
358,queenstown,-31.8976,26.8753,4.08,82,16,5.81,ZA,1698626011
359,taulaga,-11.0553,-171.0883,28.48,74,100,4.6,AS,1698626011
360,n'zeto,-7.2312,12.8666,25.2,89,100,5.23,AO,1698626012
361,tanumah,27.1,44.1333,22.17,33,90,3.33,SA,1698626012
362,shantobe,52.4581,68.1839,4.17,100,100,3.26,KZ,1698626012
363,dazhou,31.2159,107.5009,17.61,78,0,1.32,CN,1698626012
364,birsk,55.4211,55.5428,0.4,98,100,4.52,RU,1698626013
365,sitka,57.0531,-135.33,7.94,66,75,2.06,US,1698625716
366,freetown,8.484,-13.2299,26.84,89,20,4.12,SL,1698626013
367,keflavik,64.0049,-22.5624,4.24,75,0,2.57,IS,1698626013
368,kapuskasing,49.4169,-82.4331,-1.95,86,75,0.51,CA,1698626014
369,negara,-8.3151,114.6025,28.3,66,29,1.63,ID,1698626014
370,hlevakha,50.2742,30.3271,12.22,72,100,4.82,UA,1698626014
371,mount hagen,-5.8581,144.2274,19.42,73,40,4.12,PG,1698626014
372,tambovka,50.0969,128.0489,3.32,54,100,2.68,RU,1698626015
373,gazipasa,36.2694,32.3179,17.05,77,0,2.06,TR,1698626015
374,susuman,62.7833,148.1667,-17.79,99,89,0.45,RU,1698626000
375,jiazi,22.8779,116.067,23.4,74,84,5.0,CN,1698626015
376,ballina,-28.8667,153.5667,23.78,53,0,3.98,AU,1698626015
377,devils lake,48.1128,-98.8651,-5.94,86,40,7.2,US,1698626016
378,sandnessjoen,66.0217,12.6316,-3.04,73,24,3.87,NO,1698626016
379,gillette,44.2911,-105.5022,-4.97,73,8,1.34,US,1698625807
380,muli,2.9167,73.5667,28.1,71,100,5.43,MV,1698626016
381,yamba,-5.9,22.3,23.25,85,42,0.62,CD,1698626017
382,galliano,29.4422,-90.2992,26.11,83,40,1.54,US,1698626017
383,labrador city,52.9463,-66.9114,-3.05,68,75,4.63,CA,1698626005
384,east london,-33.0153,27.9116,14.24,65,78,5.36,ZA,1698626017
385,nadym,65.5333,72.5167,-13.03,90,13,1.51,RU,1698626018
386,turpan,42.9333,89.1667,14.51,36,100,0.2,CN,1698626018
387,ranau,5.9538,116.6641,26.85,69,85,0.82,MY,1698626018
388,saint-joseph,-21.3667,55.6167,23.21,84,25,4.87,RE,1698626018
389,marieville,45.4334,-73.1658,5.49,64,100,1.8,CA,1698626019
390,aguilares,-27.4338,-65.6143,27.84,39,100,2.69,AR,1698625862
391,alta,69.9689,23.2717,-6.41,83,75,2.06,NO,1698626019
392,kudahuvadhoo,2.6708,72.8944,27.84,71,73,5.65,MV,1698626019
393,marsabit,2.3284,37.9899,17.97,81,81,1.07,KE,1698626019
394,ondjiva,-17.0667,15.7333,21.91,17,19,3.28,AO,1698626020
395,namtsy,62.7161,129.6658,-12.23,88,100,1.84,RU,1698626020
396,saint-francois,46.4154,3.9054,12.03,100,75,2.06,FR,1698626020
397,port macquarie,-31.4333,152.9167,26.05,51,0,6.07,AU,1698626020
398,lerwick,60.1545,-1.1494,8.0,66,12,13.25,GB,1698626021
399,la ronge,55.1001,-105.2842,-1.86,64,100,7.72,CA,1698626021
400,carauari,-4.8828,-66.8958,24.76,90,97,2.07,BR,1698626021
401,cill airne,52.05,-9.5167,8.31,95,88,1.75,IE,1698626021
402,boksitogorsk,59.474,33.8485,-4.47,92,100,1.92,RU,1698626022
403,leer,53.2316,7.461,11.08,90,19,0.45,DE,1698626022
404,vorotynets,56.0603,45.8633,-0.68,91,100,5.87,RU,1698626022
405,dunedin,-45.8742,170.5036,13.85,68,8,5.21,NZ,1698626022
406,argungu,12.7433,4.5269,28.18,20,2,3.54,NG,1698626023
407,al bayda',32.7627,21.7551,15.02,95,14,1.97,LY,1698626023
408,lae,-6.7221,146.9847,27.37,86,100,2.22,PG,1698626023
409,alofi,-19.0595,-169.9187,27.94,69,13,7.2,NU,1698626023
410,puerto lempira,15.2667,-83.7667,27.08,78,40,3.09,HN,1698626023
411,lobujya,27.95,86.8167,-9.69,73,15,1.74,NP,1698626024
412,oytal,42.9057,73.2697,16.65,40,100,2.72,KZ,1698626024
413,kirensk,57.7853,108.1119,-3.91,51,100,3.58,RU,1698626024
414,noyabrsk,63.1994,75.4507,-9.87,83,85,6.71,RU,1698626024
415,hobyo,5.3505,48.5268,24.05,92,100,2.58,SO,1698626025
416,chadron,42.8294,-102.9999,-2.18,63,0,4.63,US,1698626025
417,rockland,41.1668,-74.0496,10.81,94,100,2.0,US,1698626025
418,usinsk,65.9939,57.5281,-11.63,87,100,2.68,RU,1698626025
419,kavaratti,10.5669,72.642,27.68,72,100,1.7,IN,1698626026
420,carutapera,-1.195,-46.02,26.18,78,14,3.77,BR,1698626026
421,san luis de la loma,17.2706,-100.8939,26.49,85,22,2.18,MX,1698626026
422,jining,35.405,116.5814,20.88,47,1,4.58,CN,1698626026
423,griffith,41.5284,-87.4237,7.92,94,100,7.2,US,1698626026
424,malvan,16.0667,73.4667,26.4,66,93,0.77,IN,1698626027
425,rio san juan,19.6439,-70.0763,26.97,87,96,3.62,DO,1698626027
426,coruripe,-10.1256,-36.1756,23.18,80,13,3.38,BR,1698626027
427,kailua-kona,19.6406,-155.9956,29.43,69,20,5.14,US,1698625786
428,ambalangoda,6.2355,80.0538,24.66,88,100,2.0,LK,1698626028
429,piti village,13.4626,144.6933,31.49,75,40,5.66,GU,1698626028
430,pitimbu,-7.4706,-34.8086,25.33,75,89,6.08,BR,1698625776
431,solnechnyy,50.7214,136.6319,0.57,54,100,2.55,RU,1698626028
432,battambang,13.1027,103.1982,25.0,94,100,1.58,KH,1698626028
433,ketchikan,55.3422,-131.6461,4.95,84,100,1.27,US,1698626029
434,biltine,14.5333,20.9167,27.16,20,98,3.21,TD,1698626029
435,vila velha,-20.3297,-40.2925,24.97,78,0,5.14,BR,1698626029
436,rio gallegos,-51.6226,-69.2181,7.03,57,20,7.2,AR,1698626029
437,beltran,-27.8291,-64.061,30.92,41,98,3.38,AR,1698626030
438,poxoreo,-15.8372,-54.3892,27.04,65,89,1.48,BR,1698626030
439,north bend,43.4065,-124.2243,18.95,42,0,1.54,US,1698626030
440,stanilesti,46.6183,28.1714,12.92,61,100,3.18,RO,1698626030
441,leava,-14.3,-178.1667,28.19,74,5,2.64,WF,1698626031
442,nizhniy kuranakh,58.8353,125.4869,-8.08,93,100,0.96,RU,1698626031
443,ufa,54.775,56.0375,2.65,97,100,5.81,RU,1698626031
444,tsiombe,-25.3,45.4833,20.78,84,0,2.43,MG,1698626031
445,yuzhno-kurilsk,44.0306,145.8556,7.99,76,0,1.76,RU,1698626031
446,luderitz,-26.6481,15.1594,21.7,29,2,4.78,NA,1698626032
447,turkmenbasy,40.0222,52.9552,15.43,100,100,5.14,TM,1698626032
448,floro,61.5996,5.0328,5.54,35,0,4.12,NO,1698626032
449,acapulco de juarez,16.8634,-99.8901,27.49,83,58,3.27,MX,1698625800
450,inirida,3.8653,-67.9239,24.21,96,100,1.55,CO,1698626033
451,yamada,39.4667,141.95,14.42,75,81,3.12,JP,1698626033
452,isangel,-19.55,169.2667,26.06,73,20,3.09,VU,1698626033
453,vrangel',42.7297,133.0839,11.35,71,99,0.65,RU,1698626033
454,korla,41.7597,86.1469,9.91,44,100,1.38,CN,1698626033
455,tidjikja,18.5564,-11.4271,27.83,18,4,1.25,MR,1698626034
456,malango,-2.9627,119.9001,27.74,51,8,1.45,ID,1698626034
457,poronaysk,49.2167,143.1167,4.64,54,0,0.39,RU,1698626034
458,newman,37.3138,-121.0208,21.13,23,0,0.89,US,1698626034
459,berber,18.0216,33.983,28.1,40,97,4.18,SD,1698626035
460,uzhur,55.3036,89.8339,-8.63,93,5,0.82,RU,1698626035
461,manggar,-2.8833,108.2667,28.19,73,13,4.51,ID,1698626035
462,changling,44.2653,124.0005,9.9,30,0,6.78,CN,1698626035
463,rmi capitol,7.0893,171.3805,28.97,84,100,6.17,MH,1698626036
464,la passe,45.5549,-0.8967,12.21,96,100,5.64,FR,1698626036
465,cascais,38.6979,-9.4215,16.63,87,56,10.28,PT,1698626036
466,shchuchyn,53.6014,24.7465,10.02,87,100,6.19,BY,1698626036
467,archangelos,36.2149,28.1149,22.39,85,99,2.46,GR,1698626036
468,buta,2.7858,24.73,21.5,89,89,0.51,CD,1698626037
469,mar del plata,-38.0023,-57.5575,14.97,65,0,2.06,AR,1698626037
470,morlaix,48.5833,-4.0,12.09,87,20,5.14,FR,1698626037
471,shebekino,50.4097,36.9136,5.68,86,36,1.52,RU,1698626037
472,anshun,26.25,105.9333,14.72,77,6,1.44,CN,1698626038
473,brookhaven,31.5791,-90.4407,23.81,56,35,1.37,US,1698625926
474,kenora,49.8167,-94.4337,-4.46,80,40,5.14,CA,1698625883
475,chiredzi,-21.05,31.6667,15.22,83,100,4.98,ZW,1698626038
476,along,28.1667,94.7667,17.8,74,0,0.65,IN,1698626038
477,kodinsk,58.6881,99.1844,-9.76,80,59,1.08,RU,1698626039
478,bentota,6.4254,79.9948,24.43,89,100,2.06,LK,1698626039
479,placido de castro,-10.3353,-67.1856,24.11,90,100,0.9,BR,1698626039
480,timbiqui,2.7717,-77.6654,24.74,90,100,0.88,CO,1698626039
481,bay harbor,30.1471,-85.6146,22.97,88,0,2.06,US,1698626039
482,sodo,6.8642,37.7628,13.18,94,100,1.35,ET,1698626040
483,miyaly,48.8844,53.7836,7.9,73,38,7.32,KZ,1698626040
484,rio grande,-32.035,-52.0986,22.06,95,0,3.51,BR,1698625929
485,umm kaddadah,13.6017,26.6876,27.43,16,41,4.38,SD,1698626040
486,kiffa,16.6166,-11.4045,31.72,27,1,3.1,MR,1698626041
487,jiaojiang,28.6803,121.4428,20.0,70,11,1.04,CN,1698626041
488,flat rock,42.0964,-83.2919,8.32,94,100,3.09,US,1698625831
489,aconibe,1.2968,10.9369,19.93,98,100,0.49,GQ,1698626041
490,conceicao do araguaia,-8.2578,-49.2647,28.78,28,55,2.06,BR,1698626042
491,kuna,43.4918,-116.4201,8.31,45,0,0.89,US,1698626042
492,fort bragg,35.139,-79.006,21.75,77,0,0.0,US,1698626042
493,geraldton,-28.7667,114.6,20.23,60,2,8.75,AU,1698626042
494,mount pearl,47.5166,-52.7813,4.98,71,75,11.32,CA,1698626043
495,hassi messaoud,31.6804,6.0729,25.92,18,0,2.06,DZ,1698626043
496,sidney,-33.8679,151.2073,31.97,36,0,7.72,AU,1698625841
497,huicheng,23.0385,116.2899,22.97,76,86,3.71,CN,1698626043
498,palmer,42.1584,-72.3287,8.88,85,100,3.09,US,1698626044
499,ranot,7.7777,100.3213,27.69,77,87,3.79,TH,1698626044
500,barra de santo antonio,-9.4047,-35.5072,23.6,77,77,3.83,BR,1698625816
501,espoo,60.25,24.6667,4.29,89,75,3.09,FI,1698625778
502,vychegodskiy,61.247,46.8984,-2.21,85,100,1.42,RU,1698626045
503,progreso,21.2833,-89.6667,28.06,78,0,5.66,MX,1698626045
504,funafuti,-8.5243,179.1942,32.0,84,20,0.0,TV,1698626045
505,havre,49.5833,0.3333,11.87,82,0,4.63,FR,1698626046
506,macau,22.2006,113.5461,26.03,83,40,4.12,MO,1698626046
507,tweed heads,-28.1817,153.547,26.23,50,0,7.72,AU,1698625872
508,sim,54.993,57.6982,2.41,98,100,2.74,RU,1698626047
509,sesheke,-17.4759,24.2968,22.92,62,98,2.04,ZM,1698626047
510,kasongo-lunda,-6.4667,16.8167,22.26,84,60,0.49,CD,1698626047
511,kununurra,-15.7667,128.7333,30.99,58,90,3.09,AU,1698626047
512,gastouni,37.85,21.25,18.47,94,20,0.0,GR,1698626048
513,narimanov,46.6927,47.8498,8.95,72,13,4.15,RU,1698626048
514,santiago de cao,-7.9589,-79.2392,20.07,83,100,5.14,PE,1698626048
515,viedma,-40.8135,-62.9967,13.96,28,22,9.27,AR,1698626048
516,portage la prairie,49.9728,-98.2926,-5.06,64,29,4.67,CA,1698626049
517,quellon,-43.1167,-73.6167,6.13,87,100,5.15,CL,1698626049
518,dabakala,8.3667,-4.4333,25.2,72,0,0.71,CI,1698626050
519,jalai nur,49.45,117.7,-3.24,28,60,2.66,CN,1698626050
520,holualoa,19.6228,-155.9522,27.92,69,20,5.14,US,1698626050
521,aranda de duero,41.6704,-3.6892,12.73,81,100,6.67,ES,1698626051
522,ribas do rio pardo,-20.4431,-53.7592,27.13,56,43,1.67,BR,1698626051
523,pyetrykaw,52.1289,28.4921,8.12,91,100,3.83,BY,1698626051
524,kapa'a,22.0752,-159.319,28.18,71,75,4.63,US,1698626051
525,tumbotino,55.9993,43.0236,-1.14,95,100,4.49,RU,1698626052
526,daru,-9.0763,143.2092,26.29,82,100,7.6,PG,1698626052
527,srivardhan,18.0333,73.0167,24.27,51,59,2.48,IN,1698626052
528,richards bay,-28.783,32.0377,16.22,53,87,6.29,ZA,1698626052
529,qarqaraly,49.4058,75.4742,7.42,97,100,6.55,KZ,1698626053
530,karratha,-20.7377,116.8463,34.5,21,48,2.39,AU,1698626053
531,pekanbaru,0.5333,101.45,25.98,87,29,0.14,ID,1698626053
532,mersa matruh,31.3525,27.2453,22.38,77,4,3.45,EG,1698626053
533,peniche,39.3558,-9.3811,16.17,84,70,6.9,PT,1698626054
534,kalmunai,7.4167,81.8167,25.29,84,68,1.77,LK,1698626054
535,tabou,4.423,-7.3528,25.48,88,0,2.31,CI,1698626054
536,katsuura,35.1333,140.3,18.7,58,0,4.77,JP,1698626054
537,nyurba,63.2842,118.3319,-9.75,96,100,2.23,RU,1698626055
538,paradip garh,20.3167,86.6167,22.61,79,11,3.42,IN,1698626055
539,san clemente del tuyu,-36.3569,-56.7235,16.1,53,1,9.61,AR,1698626055
540,el rama,12.1596,-84.2195,23.74,97,100,1.47,NI,1698626056
541,mahavelona,-17.6848,49.5087,21.99,88,44,0.71,MG,1698626056
542,alpena,45.0617,-83.4327,4.14,96,100,1.34,US,1698625926
543,camiri,-20.05,-63.5167,25.33,66,100,0.74,BO,1698626057
544,nova granada,-20.5339,-49.3142,24.97,74,15,2.09,BR,1698626057
545,pohang,36.0322,129.365,16.64,63,19,2.94,KR,1698626057
546,qalat,32.1058,66.9083,12.65,46,0,0.66,AF,1698626057
547,sur,22.5667,59.5289,26.84,64,91,2.37,OM,1698626058
548,al jawf,29.5,38.75,17.4,71,93,3.15,SA,1698626058
549,aras-asan,8.8908,126.3033,28.41,73,40,1.2,PH,1698626058
550,camana,-16.6228,-72.7111,19.32,87,55,4.68,PE,1698626058
551,kainantu,-6.2887,145.8655,21.55,79,100,1.25,PG,1698626059
552,fort st. john,56.2499,-120.8529,-2.06,74,75,2.57,CA,1698626059
553,andkhoy,36.9529,65.1238,18.61,36,18,1.68,AF,1698626059
554,marsh harbour,26.5412,-77.0636,25.92,72,86,9.25,BS,1698626059
555,prado,-17.3411,-39.2208,24.46,74,95,5.77,BR,1698626060
556,akureyri,65.6835,-18.0878,-7.04,93,0,0.0,IS,1698626060
557,majuro,7.0897,171.3803,28.98,84,100,6.17,MH,1698626060
558,kogalym,62.2654,74.4791,-14.86,98,67,2.07,RU,1698626060
559,aroma,15.8167,36.1333,29.28,54,100,2.3,SD,1698626061
560,chemin grenier,-20.4872,57.4656,22.77,81,38,4.56,MU,1698626061
561,khanpur mahar,27.8436,69.4137,24.28,35,26,2.31,PK,1698626061
562,chulakkurgan,43.765,69.1814,15.58,50,97,3.0,KZ,1698626061
563,as sulayyil,20.4607,45.5779,26.14,32,90,4.25,SA,1698626062
564,mont-dore,-22.2833,166.5833,25.99,52,3,4.8,NC,1698626062
565,abadeh,31.1608,52.6506,12.61,36,95,1.0,IR,1698626062
